#counts	het	hom	p(het)	1.58489e+08
2.0.0.0	6.94647e+07	1.28905e+08	0.350179
1.1.0.0	8.90246e+07	2.95847e+07	0.75057
